estacion,zona,filas,desde,hasta,pct_nulos_no2,horas_ausentes
3_DE_MARZO,sin_clasificar,41713,2022-01-01,2026-10-05,1.2,0
AGURAIN,sin_clasificar,41713,2022-01-01,2026-10-05,6.8,0
ALGORTA_BBIZI2,sin_clasificar,41408,2022-01-01,2026-10-05,3.3,305
ALONSOTEGI,sin_clasificar,41713,2022-01-01,2026-10-05,0.8,0
AVDA_TOLOSA,sin_clasificar,41713,2022-01-01,2026-10-05,1.9,0
AV_GASTEIZ,sin_clasificar,41713,2022-01-01,2026-10-05,8.6,0
AZPEITIA,sin_clasificar,41689,2022-01-01,2026-10-04,1.2,0
Abanto,fuera,41713,2022-01-01,2026-10-05,2.5,0
Andoain,fuera,41713,2022-01-01,2026-10-05,1.6,0
Anorga,fuera,41713,2022-01-01,2026-10-05,1.0,0
Arraiz,fondo,41427,2022-01-01,2026-10-05,1.8,286
Ategorrieta,fuera,41713,2022-01-01,2026-10-05,0.9,0
BEASAIN,sin_clasificar,41713,2022-01-01,2026-10-05,2.3,0
Barakaldo,fuera,41713,2022-01-01,2026-10-05,1.5,0
Basauri,fuera,41713,2022-01-01,2026-10-05,4.6,0
Castrejana,fuera,41713,2022-01-01,2026-10-05,1.0,0
Durango,fuera,41713,2022-01-01,2026-10-05,3.2,0
Easo,fuera,41713,2022-01-01,2026-10-05,3.2,0
Elciego,fondo,41713,2022-01-01,2026-10-05,1.6,0
Erandio,fuera,41713,2022-01-01,2026-10-05,1.0,0
Europa,fuera,41713,2022-01-01,2026-10-05,6.9,0
Hernani,fuera,40354,2022-01-01,2026-09-08,4.2,711
LAS_CARRERAS,sin_clasificar,41713,2022-01-01,2026-10-05,1.4,0
LOS_HERRAN,sin_clasificar,41713,2022-01-01,2026-10-05,2.9,0
Larrabetzu,fuera,41713,2022-01-01,2026-10-05,1.3,0
Lasarte-Oria,fuera,41642,2022-01-01,2026-10-05,5.1,71
Lemona,fuera,41713,2022-01-01,2026-10-05,1.8,0
Llodio,fuera,41713,2022-01-01,2026-10-05,1.6,0
MONDRAGON,sin_clasificar,41713,2022-01-01,2026-10-05,3.3,0
Mazarredo,dentro,41713,2022-01-01,2026-10-05,1.6,0
Montorra,fondo,40974,2022-01-01,2026-10-05,3.5,739
Mundaka,fondo,41666,2022-01-01,2026-10-05,4.9,47
Muskiz,fuera,41713,2022-01-01,2026-10-05,1.0,0
Mª Díaz de Haro,dentro,41713,2022-01-01,2026-10-05,8.1,0
PUYO,sin_clasificar,41713,2022-01-01,2026-10-05,1.1,0
Pagoeta,fondo,41713,2022-01-01,2026-10-05,2.9,0
SAN_JULIAN,sin_clasificar,41713,2022-01-01,2026-10-05,1.5,0
Sangroniz,fondo,41713,2022-01-01,2026-10-05,2.8,0
Santurce,fuera,41713,2022-01-01,2026-10-05,2.1,0
Serantes,fondo,41713,2022-01-01,2026-10-05,2.3,0
Sestao,fuera,41644,2022-01-01,2026-10-05,2.3,69
TOLOSA,sin_clasificar,41713,2022-01-01,2026-10-05,1.4,0
UNIDAD_MOVIL_10,sin_clasificar,21289,2024-05-01,2026-10-05,2.1,0
UNIDAD_MOVIL_2,sin_clasificar,24193,2024-01-01,2026-10-05,25.5,0
USURBIL,sin_clasificar,41713,2022-01-01,2026-10-05,0.9,0
Valderejo,fondo,41713,2022-01-01,2026-10-05,2.9,0
ZELAIETA_PARQUE,sin_clasificar,41666,2022-01-01,2026-10-05,1.6,47
ZUBIETA,sin_clasificar,41713,2022-01-01,2026-10-05,2.7,0
ZUMARRAGA,sin_clasificar,41713,2022-01-01,2026-10-05,3.6,0
Zalla,fuera,41666,2022-01-01,2026-10-05,2.1,47
Zierbena,fuera,41403,2022-01-01,2026-10-05,3.8,310
