acceso,zona,imd_2022,imd_2023,imd_2024,imd_2025,var_pct_23_24
1. ELORRIETA-LUTXANA (BI-711),NORTE,10608.0,10448.0,10604.0,10763.0,1.49
2. DEUSTO-ENEKURI (BI-11),NORTE,48860.0,48956.0,50428.0,49030.0,3.01
3. TUNELES DE ARTXANDA (BI-626/ BI-627),NORTE,17455.0,18128.0,18051.0,19010.0,-0.42
4. ORUETA-STO. DOMINGO (BI-20),NORTE,36113.0,35222.0,33836.0,34117.0,-3.94
5. IBARSUSI-ETXEBARRI (N-634),NORTE,30565.0,28251.0,30668.0,29871.0,8.56
SUBTOTAL NORTE,TOTAL,143601.0,141005.0,143587.0,142792.0,1.83
6. BOLUETA-ZUBIALDEA (BI-712),SUR,8649.0,8209.0,8557.0,8685.0,4.24
7. MIRIBILLA-S. SUR (VTE. ESTE) (BI-20),SUR,46573.0,44255.0,45197.0,42866.0,2.13
8. ZABALBURU-S. SUR (JUAN DE GARAI),SUR,37561.0,36166.0,35398.0,35952.0,-2.12
9. BASURTO-KASTREXANA (BI-3736),SUR,5691.0,5516.0,5501.0,5698.0,-0.27
10. ACCESO SAN MAMES,SUR,51386.0,50127.0,45052.0,48543.0,-10.12
11. BASURTO-ZORROTZA (N-634),SUR,6593.0,6331.0,6334.0,6559.0,0.05
SUBTOTAL SUR,TOTAL,156453.0,150604.0,146040.0,148303.0,-3.03
TOTAL,TOTAL,300054.0,291609.0,289627.0,291095.0,-0.68
