acceso,zona,estacion,imd_2018,imd_2019,imd_2020,imd_2021,imd_2022,imd_2023,imd_2024,imd_2025,pct_pesados_2025,var_pct_23_24,var_pct_22_24
1. ELORRIETA-LUTXANA (BI-711),NORTE,15A,11678.0,11712.0,9486.0,10037.0,10608.0,10448.0,10604.0,10763.0,6.8,1.49,-0.04
2. DEUSTO-ENEKURI (BI-11),NORTE,78A,55371.0,53221.0,41954.0,44518.0,48860.0,48956.0,50428.0,49030.0,3.2,3.01,3.21
3. TUNELES DE ARTXANDA (BI-626/ BI-627),NORTE,500A Y 500B,18589.0,18648.0,12681.0,15110.0,17455.0,18128.0,18051.0,19010.0,3.0,-0.42,3.41
4. ORUETA-STO. DOMINGO (BI-20),NORTE,97A,35407.0,35309.0,28918.0,34987.0,36113.0,35222.0,33836.0,34117.0,3.3,-3.94,-6.31
5. IBARSUSI-ETXEBARRI (N-634),NORTE,1A,33784.0,32628.0,26607.0,28214.0,30565.0,28251.0,30668.0,29871.0,5.7,8.56,0.34
SUBTOTAL NORTE,TOTAL,,154829.0,151518.0,119646.0,132866.0,143601.0,141005.0,143587.0,142792.0,4.0,1.83,-0.01
6. BOLUETA-ZUBIALDEA (BI-712),SUR,4A,10184.0,11050.0,8089.0,8614.0,8649.0,8209.0,8557.0,8685.0,4.4,4.24,-1.06
7. MIRIBILLA-S. SUR (VTE. ESTE) (BI-20),SUR,-,49098.0,49143.0,40527.0,43536.0,46573.0,44255.0,45197.0,42866.0,2.6,2.13,-2.95
8. ZABALBURU-S. SUR (JUAN DE GARAI),SUR,25A,37457.0,37236.0,29701.0,34791.0,37561.0,36166.0,35398.0,35952.0,2.5,-2.12,-5.76
9. BASURTO-KASTREXANA (BI-3736),SUR,20A,7154.0,7238.0,5435.0,5579.0,5691.0,5516.0,5501.0,5698.0,7.6,-0.27,-3.34
10. ACCESO SAN MAMES,SUR,23A,54397.0,52510.0,41681.0,48340.0,51386.0,50127.0,45052.0,48543.0,2.9,-10.12,-12.33
11. BASURTO-ZORROTZA (N-634),SUR,19A,9414.0,8544.0,6943.0,6719.0,6593.0,6331.0,6334.0,6559.0,16.3,0.05,-3.93
SUBTOTAL SUR,TOTAL,,167704.0,165721.0,132376.0,147579.0,156453.0,150604.0,146040.0,148303.0,3.6,-3.03,-6.66
TOTAL,TOTAL,,322533.0,317239.0,252022.0,280445.0,300054.0,291609.0,289627.0,291095.0,3.8,-0.68,-3.48
