mes,no2_dentro,no2_fuera,brecha_dentro_fuera
2022-01-01,31.863328822733422,22.919744840157026,8.943583982576396
2022-02-01,35.71556886227545,25.217197354087837,10.49837150818761
2022-03-01,22.446504992867332,15.472058412630949,6.974446580236384
2022-04-01,20.35335195530726,15.022048814165043,5.331303141142218
2022-05-01,19.089309878213804,14.148633298702427,4.940676579511377
2022-06-01,16.475386779184248,13.914065870202844,2.561320908981404
2022-07-01,16.22641509433962,13.795702490697277,2.4307126036423448
2022-08-01,14.751351351351351,11.632135153416755,3.1192161979345965
2022-09-01,20.836363636363636,14.409674755379733,6.426688880983903
2022-10-01,25.21606648199446,16.78658893900892,8.429477542985541
2022-11-01,26.318941504178273,17.309364035087718,9.009577469090555
2022-12-01,23.53306342780027,16.71597228579698,6.817091142003289
2023-01-01,27.256830601092897,18.66723749453092,8.589593106561978
2023-02-01,34.05223880597015,24.42373655876824,9.628502247201908
2023-03-01,26.27800269905533,18.5683895657867,7.709613133268633
2023-04-01,21.0963687150838,15.238380967396706,5.857987747687092
2023-05-01,17.450742240215924,12.933021701417788,4.517720538798136
2023-06-01,17.41782729805014,12.986413995910256,4.431413302139882
2023-07-01,14.373983739837398,10.711432458405925,3.6625512814314725
2023-08-01,15.006747638326585,10.587181918136054,4.419565720190532
2023-09-01,25.552301255230127,16.271102439513815,9.281198815716312
2023-10-01,28.335135135135136,16.776701329937747,11.558433805197389
2023-11-01,24.01952580195258,15.199081109295571,8.820444692657007
2023-12-01,25.39487870619946,15.423195355297374,9.971683350902087
2024-01-01,27.925675675675677,18.253622281774433,9.672053393901244
2024-02-01,21.852983988355167,15.511197042463891,6.3417869458912755
2024-03-01,21.160810810810812,13.624936332767403,7.535874478043409
2024-04-01,20.333800841514726,12.810967874479227,7.5228329670355
2024-05-01,18.089189189189188,12.800483861720505,5.2887053274686835
2024-06-01,13.52867132867133,10.644437050892481,2.884234277778848
2024-07-01,13.67448275862069,11.058947789170375,2.615534969450314
2024-08-01,14.620588235294118,10.42889421992151,4.191694015372608
2024-09-01,18.5166908563135,13.821040400565684,4.695650455747815
2024-10-01,21.033738191632928,15.725132553375058,5.30860563825787
2024-11-01,26.293706293706293,16.885260625692773,9.40844566801352
2024-12-01,26.59189189189189,16.56892269216685,10.02296919972504
2025-01-01,23.520917678812417,14.515701116326554,9.005216562485863
2025-02-01,28.207207207207208,19.03992185964298,9.167285347564228
2025-03-01,19.186486486486487,13.066792683400466,6.119693803086021
2025-04-01,18.704481792717086,13.022072442368414,5.682409350348673
2025-05-01,17.23673469387755,12.189444902182718,5.047289791694833
2025-06-01,18.271317829457363,13.216239626332989,5.055078203124374
2025-07-01,11.825439783491204,9.623273956819098,2.202165826672106
2025-08-01,13.90154711673699,10.709570197631967,3.1919769191050236
2025-09-01,18.160614525139664,13.144955250496885,5.015659274642779
2025-10-01,23.156756756756756,16.39303918794456,6.763717568812197
2025-11-01,20.906515580736542,14.829816905075871,6.076698675660671
2025-12-01,27.462616822429908,16.836164167138275,10.626452655291633
2026-01-01,22.246153846153845,13.622909985537321,8.623243860616524
2026-02-01,22.807462686567163,14.571108902259734,8.236353784307429
2026-03-01,20.615277777777777,14.526148090815273,6.0891296869625045
2026-04-01,15.681058495821727,12.757890221878226,2.923168273943501
2026-05-01,17.446111869031377,13.418059901757346,4.028051967274031
2026-06-01,13.585434173669467,11.657036607040476,1.9283975666289912
2026-07-01,13.324324324324325,10.741127853235238,2.583196471089087
2026-08-01,12.72027027027027,9.314838857633225,3.4054314126370446
2026-09-01,21.33240223463687,15.336623935758515,5.995778298878355
2026-10-01,21.431818181818183,15.134569377990431,6.2972488038277525
